fg_class,trades,usd_volume,win_rate,median_pnl
Greed,43251,154910442.1,0.453492404799889,0.0
Neutral,141012,726001727.33,0.4101849487986838,0.0
